lon,lat,mlotst,siconc,sithick,so,thetao,uo,vo,chl,fe,no3,nppv,o2,ph,phyc,po4,si,spco2,wind,uvb,swh,sp,ssrd,strd,tp,inorganic,ocean_pollution,plumes_fert,plumes_pest,population,artisanal_fishing,shipping,oil_rigs,night_lights,conc,sea
141.5,-12.25,63.926292181015015,0,0,34.804907904730904,22.233389483557808,-0.030629599175881594,0.06390317614811163,0.23069326269129914,3.8600364880241815e-4,0.2089929742247073,7.46498243469331,218.71209377712674,8.074010663562351,1.2882895800802443,0.06653207460314864,1.9886222283045452,35.71385118696425,6.884904352795586,1861415.8787786304,2.005703864478371,101726.0509726559,15929823.973649727,31689395.30257572,0.0044143090230572175,0.0034841125210126242,0.32152488827705383,0.12249647080898285,0.001939815313865741,0,0.00318534749870499,29.042184829711914,0,0,0.025429413,Indian Ocean
88.75,6.5,26.191609038247,0,0,34.890653133392334,26.024878607855904,-0.0635693183220509,0.02242691310352206,0.18118053757482105,0.0020791631864590775,0.0315086735968685,5.220191723770566,210.36941782633463,8.067532194985283,1.5668278170956507,0.1058836020760686,4.720679508315192,37.01797596613566,5.1164815046940255,2139039.3832725496,1.861112542502498,100797.86819681013,17775717.240378607,33938942.099509664,0.00561688551735264,0,0.11453778793414433,0,0,0,0,1.9203370412190754,0,0,0.23675935833333334,Indian Ocean
96.75,7.25,23.719340244928997,0,0,36.26023451487223,19.208287715911865,0.12409618590027094,-0.004363217425028172,0.37503961349527043,0.0010567642263292025,0.08991773348922531,8.8851406176884975,239.8234380086263,8.045093019803366,2.4309659401575723,0.024098916600147884,1.0851168781518936,39.597761154174805,6.909248334059242,2135394.3003982725,1.624502430007224,101762.26934866764,19171990.81595857,28464902.179106966,0.001098705536600095,0,0.1976729780435562,0,0,0,0,7.3762946128845215,0,0,0.458457704,Indian Ocean
94.25,6.75,29.771195332209267,0,0,37.99255180358887,21.34882966677348,0.0432026978749794,0.01534192332959113,0.2427796736980478,0.002729337628503951,0.10953539128725728,9.110518967111906,225.3827699025472,8.048939883708954,1.7665430381894112,0.022764589641155908,1.7720229576031366,40.59808031717936,5.1790484297142685,2070974.321700517,0.9460522571984986,100787.14170887812,18683111.848870095,29288050.736678466,0.0015384889120611867,0,0.01845567114651203,0,0,0,0,0.13578154146671295,0,0,0.36761127949999994,Indian Ocean
92.75,6.5,29.771818081537884,0,0,37.79694779713949,19.227028369903564,2.33966081092755e-5,-0.002245369723823387,0.17817728221416473,0.0018229968069742124,0.22861388822396597,3.830763518810272,233.98574701944986,8.05306069056193,1.3702662140130997,0.007032392993702767,1.2472424507141113,39.852369944254555,6.088265131633491,1899544.296034059,1.084421952374873,101545.31863967868,17036497.541951634,28760321.256410256,0.0014239592233459414,0,0.23117850720882416,0,0,0,0,11.19799518585205,0,0,14.2730529,Indian Ocean
98,-24.5,15.575431744257608,0,0,36.34932231903076,18.481531620025635,0.29813028189043206,-0.028571752443288762,0.4626084355016549,0.0019373699227192749,0.21106723882257938,12.742078264554342,238.9056078592936,8.03890879948934,2.7932570775349936,0.028469088041068364,1.230194667975108,40.16372521718343,5.575875989830769,2126204.28498619,0.7092694663267372,101340.88016912658,19092790.531482283,27844341.276336603,9.901104875939908e-4,0,0,0,0,0,0,0,0,0,0.702931952,Indian Ocean
122.5,-11,22.012441555658977,0,0,34.779689153035484,10.086347937583923,0.006070375782049571,-0.01065992571238894,0.7162052864829699,0.00391109943545113,1.538206236436963,13.369152963161469,284.1535924275716,8.052686214447021,3.3778709868590036,0.12719485249059895,7.371779163678487,37.37279733022054,6.422302579125633,1128673.0474112276,1.1126219380920714,100836.00415725664,9896303.012226,26241955.927981578,0.002197233919776019,0,0.08487296104431152,0,0,0,0,1.2202153205871582,0,0,0.266896801,Indian Ocean
87.75,6.25,24.351577281951904,0,0,33.5144240061442,28.988262176513672,-0.04794479347765446,0.030295687533604603,0.10422418390711148,8.400731021538377e-4,0.007952035133106014,3.402399788300196,201.13454564412436,8.049249092737833,1.2103150139252346,0.019452404832918546,3.890784581502279,36.77724424997965,5.890843296482418,2282283.795950132,1.9029982513952541,100937.75598132671,18301759.155670345,36657391.13827639,0.007996882719713687,0,0.43801209330558777,0,0,0,0,105.64772033691406,0,0,0.033308148,Indian Ocean
43.75,-23.5,11.452039082845053,0,0,33.43240261077881,9.669147531191507,0.04358008379737536,0.00123701517926141,1.2555281122525532,0.003950252624539037,2.245481769243876,28.008888641993206,288.66800689697266,8.052270332972208,5.60992897550265,0.17639285830470422,6.134320855140686,37.109103202819824,6.125239878048545,1153233.8709352538,0.9092642946103037,100957.02770489617,10144794.543894673,26473246.20542449,0.0025809482364925252,20.257184982299805,0.1131545826792717,0.6635057330131531,0.00998520664870739,0,0,0,0,0,0.022043319,Indian Ocean
112.25,-53.75,35.65877421696981,0,0,34.71838506062826,27.606995105743408,0.18105068050014475,0.04310461296699941,0.17056487873196602,1.2291912791321616e-5,2.8972494900226593,7.217128157615662,205.779052734375,8.011635382970175,1.3489306072394054,0.5142020781834921,2.6064959367116294,42.08074919382731,7.327105126207914,2289444.4704194833,2.283058152798245,101060.21771729231,18291686.55654715,36038916.85589194,0.011049236217878691,0,0,0,0,0,0,0,0,0,0,Indian Ocean
23.5,-36.25,60.80466874440511,0,0,35.06565729777018,20.59481414159139,-0.03133727522799745,-0.002574047384162744,0.05124993001421293,9.695341759652365e-5,9.589901989481101e-4,0.22874967008829117,228.94331868489584,8.042691230773926,0.7778277297814687,0.08288153198858102,2.6728728612264,39.62857532501221,6.163231367993457,2139916.831642073,2.1882373557529053,102262.83079555935,18189733.44664029,31079344.783971436,6.832807569601083e-4,0,0,0,0,0,0,0,0,0,0.0253036,Indian Ocean
115.5,-21.25,36.84475580851237,0,0,38.85056749979655,20.51124135653178,-0.03586069215089083,0.05655722052324563,0.17333032314976057,0.0022410991077777,0.3161184808705002,2.604634781678518,223.96801376342773,8.076566576957703,1.3814945270617802,0.015032316194871479,2.091020107269287,39.47407754262289,5.6383933176056535,1895497.2103825551,0.5693993024267557,101673.38931011598,17188097.82824744,28823708.146800086,0.0031388043691519354,1.8614533231205618e-4,0.36094831426938373,0.006221599255998929,3.179925988661125e-5,0,0,49.45759836832682,0,0,0.044793072999999996,Indian Ocean
139.75,-38,46.02437873681386,0.09612076256030377,0.08347240328506622,34.212660153706864,11.881216163902232,0.09221241899952778,0.07960658229179292,0.6307370892415444,9.117324167770372e-4,10.05698425792313,9.082809495545614,284.2126105626424,8.084601322809855,2.666917270049453,0.7854049685120117,15.93799024571975,34.592884500821434,8.078751379621934,1446534.517388186,2.29099613670536,100138.41090969216,12251130.966886371,27302805.32451494,0.0041104466122779074,0,0.25619177520275116,0,0,0,0,14.533789873123169,0,0,0.05424971725,Indian Ocean
22.25,-34.25,32.15426460901896,0,0,34.92689323425293,10.073981761932373,0.05870244306667397,-0.03195422375574708,0.5944409022728602,0.0033257432902852693,1.6700791362673044,12.575015743573507,283.0687840779622,8.06035860379537,2.901577884952227,0.1550528216175735,4.177899122238159,36.93234380086263,7.047277467893041,1148409.8376085327,1.3195630539372765,100728.14003280074,10114730.13635945,26196745.81962014,0.0024144240177882254,0.19006885588169098,0.5036540627479553,0.06055452674627304,0.0010529683204367757,27033.66796875,2.337071418762207,334.2494812011719,1,33.163787841796875,0.719615821,Indian Ocean
92,22.5,11.207789553536308,0,0,18.636847310596043,18.874762813250225,0.0012353267399400159,-0.014972821872813964,2.7635032513903246,0.008344117597314632,34.14788530270258,100.3439994653066,275.43456787533233,8.122161395019955,10.92265019317468,0.020880596867856285,49.26292343272103,35.81666792763604,5.143917047585052,1612360.1798178016,0.4666389776824124,101662.62087502447,14102235.227154875,30990261.549940277,0.005077866698794889,0,0,0,0,0,0,22.160767555236816,1,19.04771614074707,7.3571109413333335,Indian Ocean
120.25,-17.75,32.0733846313933,0,0,37.50897136101356,23.20252784093221,-0.04227686618080633,0.032856741760042496,0.204840742990884,0.0030383753667895994,0.11829811315431307,5.166579882558595,218.13722780015732,8.071293529282269,1.6409625995617647,0.005969309783699245,2.567903974117377,38.58693020975488,3.2158158680505364,1861636.2072238412,0.42079111478341713,100478.73420725326,16934851.211713504,28666516.077728014,0.0037578965354270718,0,0.013885261490941048,0,0,0,0,0.1995076760649681,0,0,6.406925349333333,Indian Ocean
127.75,-13.75,36.56022032101949,0,0,38.04726473490397,19.26560950279236,-0.07623382254193227,-0.14321720724304518,0.15760933545728525,0.002529314651231592,0.020024201755101483,4.60525784889857,229.19624964396158,8.091872374216715,1.665695682168007,0.2837562694524725,4.062808871269226,38.932382901509605,7.484601178845078,1960923.162376207,0.8365003878019837,100887.85084641178,17863268.74917024,28389737.475872207,0.0015380460285008026,0,0.25617900490760803,0,0,0,0,14.954394340515137,0,0,0,Indian Ocean
26.75,-41,53.35151116053263,0,0,35.04049746195475,20.535780429840088,0.021927104991239805,0.0025454502319917083,0.05957157195856174,7.919048615197728e-5,0.0013339530123630539,0.2941274071733157,230.0776023864746,8.039663871129354,0.8364654978116354,0.07140161842107773,2.730689366658529,39.6244223912557,6.500319046075171,2040728.4444783542,2.2896249100356774,102327.62117964918,17245721.27602328,31249010.20601707,0.0015206849929337584,0,0,0,0,0,0,0,0,0,0,Indian Ocean
78,8.75,18.206687406596977,0,0,34.53681059780284,27.289460037508583,-0.024925285012575172,-0.04238424042730322,0.3853966539455021,0.003521762732948718,0.4605270812067036,21.41688999565493,206.5730783674452,8.035322569883785,2.3721373864473443,0.08582999071000992,2.913765400266036,39.69785446590848,4.264805873598678,2276891.5471594464,0.8988627421561062,100705.48856666501,18992081.583565257,34951532.603451066,0.003699967365728876,0,0,18.83905601501465,0.01883314922451973,266.9425354003906,0,37.2695426940918,1,8.541138648986816,1.0744589941666667,Indian Ocean
118.25,-53.25,36.59835402170817,0,0,34.734114011128746,27.615423043568928,0.19511944109884402,0.04842744263199469,0.17362282673517862,1.326279796861248e-5,3.118778626124064,7.4430679480234785,205.95684941609701,8.007069031397501,1.3462064762910206,0.5313502997159958,2.6679579416910806,42.661502838134766,7.254296370021059,2284788.58248516,2.254231500731776,101053.02677566193,18214838.249531098,36067712.217217535,0.010928240429181845,0,0,0,0,0,0,0,0,0,0,Indian Ocean
83.75,5.75,33.49410086207919,0,0,35.949700673421226,25.86997938156128,0.08131298323213641,0.03604666479319955,0.16289427772992188,0.001453784688945032,0.08077546212330668,6.387286886572838,207.92054155137805,8.05385192235311,1.3788744625118043,0.029284847150746727,2.5793254706594677,38.14285712771945,7.305538590684355,2311529.497993377,1.6397542532683564,100938.66683393322,19477185.456396904,33694235.625807695,0.004149641807371872,0,0.5267746448516846,0,0,0,0,291.1070048014323,0,0,0.19526673866666666,Indian Ocean
24.25,-37.5,51.326377391815186,0,0,35.02107938130697,20.348154544830322,-0.035275613772682846,-0.014867018269190643,0.048938850251336895,7.94977222540183e-5,0.0010083990152149151,0.22177040266493955,231.01376978556314,8.034682591756185,0.7790450851122538,0.10554738342761993,2.9214346011479697,40.21031252543131,6.254539896699178,2087472.863564921,2.224813487462473,102285.55417111138,17723479.480120413,31060055.137737222,8.067566935951049e-4,0,0,0,0,0,0,0,0,0,0.584679156,Indian Ocean
72,-51,34.39373207092285,0,0,34.60141118367513,27.138500849405926,-0.14622257401545843,0.053659224281242736,0.1535996968547503,8.982535291579552e-6,1.061765732942149,6.197768847147624,205.57919565836588,8.043487310409546,1.4401576022307079,0.3684269314010938,2.1097870767116547,38.36556466420492,8.34947794341345,2468449.7359193075,2.3627418683083756,101120.69353640392,20067480.66897197,35381631.434329525,0.006508085343127573,0,0,0,0,0,0,0,0,0,0,Indian Ocean
47.75,-14.25,18.147135104888527,0,0,34.68466017796443,28.378099722739975,-0.002446487320039291,-0.030588509689550847,0.1151711463641662,0.00235088023421271,0.18890787436229847,3.5909765737179,202.7753708668244,8.02775364044385,1.4293833906069777,0.0034131970498539233,4.568984290728202,39.750241695306244,5.0310006523179736,1081047.3145438172,0.5957620626389404,99872.63370703282,9419465.14713505,26611426.844313808,0.0024516262368604624,0.024665592238307,0,0.004754786845296621,0,0,0,0,0,0,0.476295452,Indian Ocean
47.75,-13.75,38.29354286193848,0,0,36.6633555094401,25.808940569559734,-0.06555063789710402,0.014880156784784049,0.07272386737167835,7.950514797509337e-4,7.423203157183403e-4,0.982389027873675,210.31996154785156,8.044104178746542,1.1700840890407562,0.0037864960613660514,2.3378027081489563,38.880653381347656,7.981044806264915,2437696.523461462,2.1353237675292425,101609.60565785438,20433519.943707775,34176074.91403313,0.0011050830598696205,0.1819276511669159,0,0.008829127997159958,6.516558933071792e-4,0,0.27555444836616516,0,0,0,0.050792394,Indian Ocean
95.75,-54.75,37.06239263216654,0,0,34.690491358439125,27.550889650980633,0.12938528899879506,0.03790154415522314,0.16318324704964957,1.0142198789253598e-5,2.2417476500074067,6.753093004226685,205.55541229248047,8.023937543233236,1.374220867951711,0.4641271010041237,2.4332025746504464,40.581990242004395,7.576281686890991,2305186.3580180975,2.309413444614068,101077.26024895636,18461847.012800924,35926517.571104124,0.010829388818504182,0,0,0,0,0,0,0,0,0,0,Indian Ocean
43.5,-19.75,28.35979946454366,0,0,34.661032358805336,9.993312080701193,0.01837660859261329,-0.033286279921109475,0.5622835656007131,0.0028205833320195475,1.5953027087574203,9.605452636877695,282.8318049112956,8.053062359491983,2.796886016925176,0.15031698182428954,3.5062319338321686,37.344756762186684,7.0831610749102,1162823.956418903,1.1581479244236232,101108.10938855074,10194339.460394043,26475564.672519952,0.002282621870218012,0,0,0,0,0,0,0,0,0,0.352190662,Indian Ocean
85.75,6,28.874716573291355,0,0,35.77847067515055,26.015241781870525,4.529744296127725e-4,0.013628371169842364,0.14264526528616747,0.0015198449400486425,0.05918376471122934,4.49567547109392,208.00474463568793,8.055240763558283,1.3006681866115994,0.025179310864384914,2.903555042213864,37.91043843163384,6.9365764162519925,2239371.932186837,1.6299335383675733,100972.34441056891,18760906.059864722,33844333.18556766,0.00537501204224171,0,0.43956229090690613,0,0,0,0,105.83450063069661,0,0,0.229971217,Indian Ocean
23.25,-36,59.749208768208824,0,0,35.09502855936686,20.658148447672527,-0.023766566038830206,0.0017428472250079115,0.052178364557524524,1.0029475803700431e-4,9.208042999186242e-4,0.23402462775508562,228.58574549357095,8.045175790786743,0.7850355903307596,0.07848593934128682,2.596663256486257,39.39272658030192,6.164049722541879,2150365.038438649,2.1882373557529053,102260.38587540502,18287596.160964128,31070766.455718238,6.928470418644007e-4,0,0,0,0,0,0,0,0,0,0.043052011,Indian Ocean
38,-47,35.355027198791504,0,0,34.60664367675781,26.789238770802815,-0.16901833191514015,0.03367384116669806,0.14009539286295572,9.568356896731226e-6,0.6938677835957302,5.149677991867065,207.11959330240884,8.04562004407247,1.3642466564973195,0.3563212553660075,2.0282355546951294,38.09805711110433,8.77150090417227,2536252.915874445,2.4052404383328856,101190.08612313723,20792554.416007653,35018374.00981312,0.0031366785280620914,0,0,0.014361703768372536,2.7969747316092253e-4,0,0,0,0,0,0.026281647000000002,Indian Ocean
-2.75,57.75,16.848324298858643,0,0,35.00350570678711,14.6983691851298,0.02103968181957801,-0.01807500534535696,1.2342363769809406,0.0042516442481428385,2.090757042169571,23.800589481989544,267.08258565266925,8.039157629013062,5.196391701698303,0.045696672609968424,4.009279151757558,39.264076232910156,7.180222884077553,1538304.2138769778,1.8150178264722394,101631.32230157818,13633544.06660011,28001533.345408674,0.002777411383878771,2.8456456661224365,0.875128984451294,12.773924827575684,0.18290452659130096,0,0.36511221528053284,781.4647216796875,0,0,0.135747153,North Atlantic Ocean
-5.5,58,32.23171011606852,0,0,35.22967497507731,22.74171717961629,0.06583310694744189,0.0010815953913455207,0.06869998884697755,1.579164788078439e-4,0.0015692835634884734,0.5839508436620235,222.64130783081055,8.033519347508749,0.9852660397688547,0.07345885317772627,2.1073773205280304,40.59842268625895,6.778658787029277,2125925.9753711866,2.3586023398885425,102031.06674681176,17919102.648878507,32196938.66266614,0.0022388649744520925,0.2503160238265991,0.9007421135902405,2.259044885635376,0.032955773174762726,0,0.046263448894023895,259.1697998046875,0,0,0.099501008,North Atlantic Ocean
-8,36.75,38.968905210494995,0,0,34.89081732432047,10.210476636886597,0.05474911086882154,0.05452338823427757,0.6670719608664513,0.0034639362905484936,1.5943868334094684,12.363399078448614,282.8189163208008,8.056595007578531,2.8961517363786697,0.17004441221555075,4.195253551006317,37.49148495992025,6.3797729412303825,1032215.5733447268,0.9580913121337906,100314.6608890531,8904433.213287616,26678013.219295368,0.004947895136607596,1.1122242212295532,0.7081217169761658,0.882958710193634,0.056400787085294724,0,0,1958.6300048828125,0,0,0.395046946,North Atlantic Ocean
-4.5,54.5,38.016821543375656,0,0,33.79374361038208,8.098676075538,0.00916362136680012,0.04403597774216905,0.6009309800962607,0.0034228568062341464,1.409125955348524,10.654952859782497,299.7096811930338,8.069368441899618,2.8204340686400733,0.11370049292842546,7.189031173785527,35.56149546305338,5.633545186871823,941222.8245311519,1.3441486752879042,100117.59313367217,8506488.853004228,24554158.251829866,0.0038559214301253485,0.12395738065242767,0.55029296875,0.21429450809955597,0.00310428102966398,0,0.04045064002275467,371.2616271972656,0,0,0.469460532,North Atlantic Ocean
-6.5,55.5,33.7682417233785,0,0,36.5391534169515,20.270164012908936,0.05276967522998651,-0.0027466766186989844,0.058359854854643345,2.4459684573230334e-4,0.0026889343668396273,0.4498030332227548,232.86466344197592,8.019550283749899,0.9447654734055201,0.022450380648175877,1.2501560946305592,42.32678731282552,6.578385110270069,1928905.960416889,2.283340593969748,102246.07590156053,16386226.904140491,31086578.401309263,0.0011109291228666833,0.033164720982313156,0.6384445428848267,0.15973025560379028,0.0022449682001024485,0,0,946.82037353515625,0,0,0.376838735,North Atlantic Ocean
-6.5,56.25,33.07781950632731,0,0,36.83917744954427,23.01205523808797,-0.06259821339820822,-0.013122808702367669,0.08672598470002413,7.04193773951071e-4,0.00440866471035406,1.9962873508532841,221.39643351236978,8.010737856229147,1.0742494414250057,0.05237010788793365,0.8644802073637644,43.52123610178629,7.298983488089422,2406908.522301741,2.041465035724333,101781.6129816534,21035370.52380488,31098031.62876083,1.14086805154875e-4,0,0.6268596053123474,6.51276350254193e-5,0,0,0,805.16619873046875,0,0,0,North Atlantic Ocean
-64.5,32.25,26.12721625963847,0,0,38.83141040802002,23.226234912872314,0.0989729681944785,0.05095795006491244,0.13928795978426933,0.005075649707578123,0.10967929715601106,4.213349521160126,214.82994079589844,8.061707377433777,1.629001388947169,0.008909663942480014,2.2032803197701774,39.13281122843424,3.010284883283285,2162622.2577327453,1.8484450106976045,101683.31280956592,19434798.732167825,30164199.452052146,0.001070183835311378,0,0.211715966463089,0,0,0,0,5.001511096954346,0,0,3.604952342,North Atlantic Ocean
-23,36.5,40.80259631841611,0,0,36.35913729056334,19.641581144088356,0.010858867197827915,-0.013786259832648704,0.06936982140327111,1.2938215996445462e-4,0.004084182817351598,0.6340297382229413,234.98169502845178,8.030069773013775,0.9388148945111495,0.026476288960577965,1.1684173494577408,41.18872674306233,3.3818674455121096,995890.3704698393,0.5721619301355141,97360.1187013733,8648578.969569502,26941901.144100428,0.005244272815216419,0,0.45961079001426697,0,0,0,0,139.59291076660156,0,0,1.572187256,North Atlantic Ocean
-5.75,56.25,33.477968056996666,0,0,37.02415625254313,22.375476201375324,0.021519302264399204,0.005515046522911386,0.06259219441562891,9.811811226730545e-4,0.0014931414043530822,0.6004440312584242,221.30839411417642,8.021510998407999,1.00960178176562,0.015348711865954101,1.1929477254549663,42.513875325520836,6.888690275857981,2375018.8789159656,1.9986487193818825,101882.64571156043,20883719.107564285,30408473.14522963,1.7573619676029828e-4,0.8881068825721741,1.1995004415512085,6.325438022613525,0.09033318608999252,0,0.28338423371315,806.0040283203125,0,0,0.11271222,North Atlantic Ocean
-5,56,46.69362243704307,0,0,35.703587918709495,13.559498507242937,0.006194201920560516,0.024313680641614318,0.5394491122360939,0.0027285977330174876,1.3453756394014,8.938480332463932,264.6181508088723,8.053134397627453,2.572090268923113,0.1121886221408211,3.816560970690961,38.2822877963384,4.002654466874525,1754776.1865319759,0.9652472664364738,100630.88704158818,15542886.399189094,30694861.793196112,0.0036718258061628224,77.61621278524399,1.0340319201350212,19.028102733194828,0.2725246128975414,3490.093668937683,8.884328007698059,950.4211587905884,0.9375,14.260124504566193,0.4811042154375,North Atlantic Ocean
-14.5,58,41.797351678212486,0,0,36.57949765523275,20.83830499649048,-0.03295326721854508,0.015017036891852817,0.05944311370452245,3.4651069654501043e-4,0.0024579679399418333,0.4761316180229187,231.08169809977213,8.027800798416138,0.9032788574695587,0.029868066155662138,1.082642490665118,41.298842112223305,6.759613444811463,1953304.4366654966,2.175748160200531,102304.61016643193,16679559.397388056,31084120.826188076,0.0016505384528382832,0,0,0,0,0,0,0,0,0,0,North Atlantic Ocean
-62.75,31.5,24.075872898101807,0,0,38.95074907938639,23.159318765004475,0.06025010554973657,0.05209132811675469,0.30818965658545494,0.004237458284478635,0.07763802058373888,14.488202095031738,217.45754877726236,8.058764338493347,2.06446972489357,0.059920652265039585,2.3287891348203025,40.0544236501058,3.46338051825945,2113819.5071185506,0.694494262542515,100038.09727394818,19115696.746747214,29790230.709554728,0.0012306848375944594,0,0.27664288878440857,0,0,0,0,18.00787925720215,0,0,2.612371688,North Atlantic Ocean
-5.75,56.5,26.35332497266623,0,0,34.75607672715799,10.842338212025473,0.017913740407429476,0.017282137707367765,0.7080762636107512,0.002961679718842228,1.1090221690157285,10.455087513113632,279.6524808834761,8.056463628243177,3.011227909380045,0.144505085281521,4.606859464675953,37.32668444437858,5.638070935510821,2407279.601788412,1.2754404471766274,101610.18093318482,21342763.751869086,29724942.676146623,2.953147580639186e-4,0.34909161925315857,1.2157800197601318,8.170422554016113,0.11729054152965546,47.320220947265625,0.26980409026145935,984.9451904296875,0,0,0,North Atlantic Ocean
-41.75,54,40.469541708628334,0,0,34.63682746887207,25.740123748779297,-0.07482086222929259,0.041275503569825865,0.08008057996630669,4.937947014695965e-4,7.399224074712644e-4,1.3265322397152584,211.2987963358561,8.0418853759765625,1.195918008685112,0.21730141465862593,1.6948373516400654,38.84827423095703,6.750636343401504,2387305.088794958,2.3179396374787986,101667.13319089754,20090693.663905628,33455773.55681616,0.0023791704863816744,0,0,0,0,0,0,0,0,0,0.19583254,North Atlantic Ocean
-6,55.25,45.96381894747416,0,0,35.29911136627197,13.53796641031901,0.0064836284921814995,0.002380379752139561,0.47192469984292984,0.001245460565163133,0.5900384228055676,6.355695346991221,265.0653699239095,8.028709610303244,2.181482583284378,0.09709359286352992,2.5178689857323966,40.24740409851074,8.239892829792977,1480868.067080707,2.5597181065715096,101621.61453037715,13075614.109075721,27970373.147645716,0.002639763173311492,0.15330848097801208,0.7310268878936768,0.09133567661046982,0.0012995792785659432,0,0,2492.341064453125,0,0,0.478899904,North Atlantic Ocean
3.75,51.75,13.88628847171099,0,0,32.699596466162276,12.156172376412611,0.01923610112881318,0.033523148783084863,1.6592275255765665,0.005306390951423405,5.9708372453848515,38.11633884601104,279.08079607058795,8.038696454121517,7.1088759058561095,0.08077268786385106,4.736411256667896,38.813732171669976,4.157890745020025,1039440.0271008497,0.5721619301355141,99356.75555446839,9077559.206339082,26975843.502377935,0.0044628490612752805,4.1027655601501465,0.7288891077041626,3.4922006130218506,0.08738338202238083,0,0,2318.226318359375,0,0.00414626020938158,0.139687136,North Atlantic Ocean
-15,40,42.648960492549804,0,0,36.023601556435615,17.670966943105064,-0.0018886578619073519,-0.019499689086492602,0.15204407556507832,7.189159642178148e-5,0.20455975560113218,3.128487405868677,244.46155841533954,8.044610378069756,1.2126986739727168,0.04222286793176467,1.0765951245259016,39.40403745113274,5.795071015694396,1012003.3375551245,0.5446592210604625,100190.40141767991,8736471.344659718,27281463.834901243,0.004382244253285432,0,0.39724600315093994,0,0,0,0,68.60648345947266,0,0,2.970546641,North Atlantic Ocean
-3.75,54.5,21.7944331963857,0,0,37.0640188852946,17.986203273137413,0.02493448959042628,-0.0753639746629536,0.4363321326673031,0.002719432212567578,0.7511496404185891,14.267447660366695,245.0010814666748,8.048441867033642,2.595530974368254,0.05386768594432093,1.8623253156741462,39.8012097676595,4.950454725855131,1981060.0226450793,0.7575051226473908,101027.53488758218,17957833.58205526,27996548.64115344,0.0012826793675835143,0.16867700964212418,0.7774110436439514,0.15467935800552368,0.002205904573202133,0,0,319.0254211425781,0,0,5.141584648,North Atlantic Ocean
-6,58.5,17.795175234476726,0,0,34.40429210662842,13.299550692240397,0.026383469463326037,0.06814488209784031,1.2449764808019002,0.0032618385545598962,0.6156381890177727,20.584699869155884,272.0451469421387,8.04599436124166,5.209781487782796,0.20180783793330193,5.5546528895696,38.05365880330404,7.5698340449943355,1410160.0305189749,1.0435494559218736,101602.84617272182,12610689.521120325,27616343.22216924,0.0036024148801616744,2.25698939175345e-4,0.47238409519195557,1.3688523904420435e-4,0,0,0.0427427776157856,152.4818878173828,0,0,0.529497281,North Atlantic Ocean
-9,42,22.375933616589275,0,0,35.571697063935105,15.93318589528402,0.0017856770424166308,-0.06895947873440142,0.6388603911663477,0.0011339909826160576,0.7464772153239791,19.752608445210335,257.53105779794544,8.060147774525179,3.4006650799360036,0.07911792855702515,1.5704036458180501,37.37730615566938,4.334357744006966,1971835.2185311215,2.3031800494324237,101311.9725837724,17590183.714058638,29103500.755879987,0.0021688893719114567,34.82128143310547,0.8193596005439758,116.681396484375,2.0861711502075195,0,0.5384575724601746,3275.44921875,0,0.6164239645004272,0.299156574,North Atlantic Ocean
-70.25,47.25,33.319393157958984,0,0,32.5658016204834,13.839972972869873,-0.04198764462489635,-0.021947389002889395,0.19139084468285242,1.7623654230192187e-5,1.8140997464458148,3.8445778290430703,266.2344830830892,8.027292609214783,1.4816200931866963,0.3830091580748558,3.967417001724243,39.41909249623617,7.305108747891245,1591339.5898860113,2.478295612599317,101845.39663391499,13658393.219766978,28445798.010240387,0.0022161893361604458,2.9843807220458984,0.5464848279953003,1.8618172407150269,0.035269759595394135,472.68096923828125,24.828645706176758,354.23565673828125,1,8.96680736541748,0.18215048,North Atlantic Ocean
-6.75,36.75,49.04451537132263,0,0,39.105581283569336,20.22623308499654,-0.010365822080833217,-0.024140434611278277,0.2040680026014646,0.0019109913943490635,0.10354066678943734,5.081456984082858,227.41764195760092,8.078785339991251,1.6368888914585114,0.09695769908527534,2.4682214657465615,39.26211484273275,6.029889173846073,2012619.1733630383,0.7256334017006607,101211.73085744471,18253287.968011517,28938333.159999542,0.001838852542713464,0.001826117979362607,0.6998023986816406,0.00189681863412261,2.6467994757695124e-5,0,0,1877.490478515625,0,0,0,North Atlantic Ocean
-64.75,32,26.12721625963847,0,0,38.83141040802002,23.226234912872314,0.0989729681944785,0.05095795006491244,0.13928795978426933,0.005075649707578123,0.10967929715601106,4.213349521160126,214.82994079589844,8.061707377433777,1.629001388947169,0.008909663942480014,2.2032803197701774,39.13281122843424,3.010284883283285,2162622.2577327453,1.8484450106976045,101683.31280956592,19434798.732167825,30164199.452052146,0.001070183835311378,0,0.2470395565032959,0,0,0,0,14.39948844909668,0,0,4.216013511,North Atlantic Ocean
-72.5,28.5,37.00875155131022,0,0,32.641066551208496,14.372222979863485,-0.010654672631062567,-0.02885306494620939,0.17096743608514467,1.3183057717469637e-5,2.711405744155248,3.4413421154022217,263.2856903076172,8.023083647092184,1.4175216207901637,0.4262950047850609,4.789714058240254,39.91242376963297,7.47864950940201,1634216.6649474308,2.5120208537340325,101861.00097725294,14000657.070176462,28749331.722377785,0.0021084800542751103,0,0.3097633719444275,0,0,0,0,26.604476928710938,0,0,8.227710831,North Atlantic Ocean
-6.75,58.25,46.76903525988261,0,0,34.83657296498617,20.721113204956055,-6.171391093327353e-4,0.006666736075809847,0.0648811487480998,7.316897881537443e-5,0.0032432288668739298,0.4270867904027303,231.4725087483724,8.020527760187784,0.9000160346428553,0.09215118798116843,2.791881183783213,41.91729005177816,6.521397875352701,1985860.8635038834,2.3385401904252587,102165.60926471642,16717600.076310173,31419881.230952345,0.0018831408987518422,0.4356019198894501,0.5013701915740967,0.1427726298570633,0.001945738447830081,0,0.043743088841438293,213.56735229492188,0,0,0.106002384,North Atlantic Ocean
-9.5,34.5,29.22759159406026,0,0,33.84645080566406,29.41434685389201,-0.24123973663275441,0.024112468119710684,0.09252096215883891,6.448971253121272e-4,0.001511397121551757,2.7871632178624473,199.0429369608561,8.048167864481607,1.1858940770228703,0.029727836217110355,2.2190797130266824,36.9031982421875,5.915121148085595,2301330.6102269082,1.7291733629087118,100948.470484356,18283659.15521547,36965840.00065616,0.010548777794645022,0,0.5101935863494873,0,0,0,0,232.22097778320313,0,0,3.294123502,North Atlantic Ocean
-4.75,48.5,12.415878057479858,0.5511661937149862,0.533446150055776,26.442122141520183,0.7345212362706661,0.007435526596964337,0.02320812497055158,0.4692833336691062,0.003667397094735255,3.510969320933024,2.285168776026694,365.54883575439453,7.905501325925191,2.027468740940094,0.11229273828697235,35.060045878092446,42.048415184020996,6.506617896235751,827101.3870874213,0.9850397304097686,100954.72660357444,6732433.158702195,21588514.251345377,0.0011511429501495328,1.888824701309204,0.8931881189346313,5.704840183258057,0.13797713816165924,0,1.3968929052352905,1227.0389404296875,1,1.1747959852218628,0.104412672,North Atlantic Ocean
-2,56.5,11.84688425064087,0,0,35.63585948944092,16.22284738222758,0.15363085269927979,-0.18340298409263292,1.3706259553631146,0.0025882865399277457,1.0938153558721144,43.85930585861206,261.77985254923504,8.068134784698486,6.784465074539185,0.19028324509660402,1.6439755509297054,36.41142431894938,4.866536186707885,2003956.7865960659,1.5360365593206895,101677.20050918008,17926465.36092795,28128353.49553024,0.0010384733723878988,9.037886629812419e-4,0.58335280418396,0.006555634085088968,0,0,1.005703290303548,475.149658203125,0,0,0.056701373,North Atlantic Ocean
-5.25,54.75,38.37658222516377,0,0,37.23471673329671,25.408153772354126,-0.03349126372874404,0.00889419584806698,0.06716316876312098,4.996871804602657e-4,0.0010717292340511144,0.9048345386981964,210.0504156748454,8.031126578648884,1.0911706611514091,0.04919823682090889,1.3616429617007575,41.67695840199788,6.187100042322424,2352809.1918270183,2.0361913294751854,101896.05681770112,19809734.617296707,33493750.04783977,0.002297768487983138,0.14240429177880287,0.7250566184520721,0.013814335688948631,2.6093419728567824e-4,0,0.11867680773139,1305.8894653320313,0,0,0.5163577275,North Atlantic Ocean
-23.75,17.75,26.71861032339243,0,0,36.39438810103979,23.97118508510101,-0.07600038271182431,0.0013081681886083407,0.20305529303657702,2.3791496308452526e-4,0.7282435591168438,11.412832879867308,216.89916033622544,8.034179675273407,1.4468801896541548,0.21827225219935945,0.6668189360927312,40.29921756646573,5.8235646331530795,1076437.811545328,0.5721619301355141,100146.75240198342,9423197.633104559,27017575.910096183,0.004219971716760815,0,0.08755959570407867,0,0,0,0,1.355558156967163,0,0,0.137323052,North Atlantic Ocean
-140.5,34.75,28.48494839668274,0,0,33.50635592142741,14.733749548594156,0.054877140248815216,0.018789191423517575,0.20208982999126116,2.2501289398254205e-5,3.9446945587793985,4.913464725017548,263.30627187093097,8.030141353607178,1.4925067623456318,0.4451838359236717,5.373217384020488,39.5467004776001,8.121578600989338,1484219.378694703,2.770048516474744,101730.05393016349,12497692.343139304,29510994.532577734,0.0042741806645517876,0,0.2581733763217926,0,0,0,0,14.955389976501465,0,0,42.78007947,North Pacific Ocean
-148.5,24.5,36.210994243621826,0,0,35.44230079650879,23.412320613861084,0.02052752786160757,-0.004883251424568395,0.059128413597742714,1.3742758528678678e-4,5.659488767075042e-4,0.5221784437696139,216.6857452392578,8.066737651824951,0.9506070266167322,0.23835289105772972,1.8273264666398366,37.018941243489586,6.927872099691506,2267092.7294645444,2.361479709323224,102005.46699460756,19161253.527553137,32290697.47200647,0.001076738512005057,0,0.3024889826774597,0,0,0,0,24.040531158447266,0,0,0,North Pacific Ocean
-147,37.5,50.31544534365336,0,0,34.54272492726644,20.809382915496826,0.007903966446368335,0.00618961045256583,0.04757079823563496,7.132829008090387e-5,9.816585176546748e-4,0.2478963596125444,229.7611312866211,8.02407737572988,0.8015486200650533,0.16079384461045265,3.0801205237706504,41.25954373677572,5.850471138760279,2029665.63728198,2.1656773671791467,102048.25309730839,17112169.86023757,31432679.169319272,9.968423177118234e-4,0,0,0,0,0,0,0,0,0,6.54167298,North Pacific Ocean
-150.75,33.25,43.15499750773112,0,0,35.48460208045112,22.1738641526964,-0.029703824510963588,0.009798936794848286,0.09069119476609759,1.746476990420989e-4,0.07702540258712058,1.329633719391293,221.78470272488065,8.06970018810696,1.0726945334010654,0.17885564122762945,1.6571249034669664,36.80221356285943,7.5063082398971535,2147898.9060168155,2.359043654219015,102000.91273157498,18026253.96983879,31984690.728300583,0.0019656943944073788,0,0.27981266379356384,0,0,0,0,20.254003524780273,0,0,0,North Pacific Ocean
155.25,21.5,27.854833364486694,0,0,37.87128575642904,19.80517586072286,-0.04711158329155296,0.011292706457121918,0.10691823748250802,0.001879291798104532,0.4108161088079214,1.3223945597807567,232.00379943847656,8.065367182095846,1.1779113362232845,2.4169687336931625e-4,1.933894783258438,38.90074857076009,4.786684621680068,1855797.5034257546,0.7372046634456517,101417.46369749027,16833256.01142016,29051798.93965127,0.002164991996580079,0,0.31496042013168335,0,0,0,0,30.18778419494629,0,0,0.156461188,North Pacific Ocean
-151.25,28,38.129310290018715,0,0,34.47682476043701,19.409555355707806,0.0207083059164385,0.011248166993027553,0.11633347844084103,2.8769678465323523e-5,0.21308224950917065,2.2036952674388885,239.58990224202475,8.0323855082194,1.211180458466212,0.10028712823987007,2.5185033877690635,39.969894091288246,7.313565078224936,1871620.5646620784,2.4835737319917697,101978.21332582836,15815003.160971275,30903744.086161427,0.0035866482254120115,0,0.2439347207546234,0,0,0,0,15.442190170288086,0,0,5.821134963,North Pacific Ocean
-141.75,30.25,60.273636976877846,0,0,35.23853747049967,20.91283305486043,-0.015590176413146159,0.003399955244579663,0.05299626073489586,1.0639532592904288e-4,8.420587061361099e-4,0.24395145724217096,227.92960357666016,8.04765272140503,0.7920467505852381,0.0718482540299495,2.495621701081594,39.148681004842125,6.2241863825395365,2165283.5934262127,2.185236418305692,102238.81305051383,18404019.04524593,31190492.096527703,6.30489036562361e-4,0,0.23859836161136627,0,0,0,0,12.881196975708008,0,0,0.38263362,North Pacific Ocean
-150.5,34.25,53.8503512541453,0,0,34.78309694925944,21.58815844853719,0.01834036421496421,0.00519480478639404,0.04817090773334106,9.569462721022622e-5,9.892584106031184e-4,0.28550224751234055,226.18088404337564,8.026213963826498,0.835623100399971,0.1601112075150013,2.9173927704493203,41.482211430867515,5.8420396070492675,2100657.7815756947,2.105402655923201,101968.43364521103,17625105.4663487,31886495.918584276,6.18265450295768e-4,0,0.04258440434932709,0,0,0,0,0.5207967162132263,0,0,4.316840071,North Pacific Ocean
-156.5,33.5,45.03297858768039,0,0,35.61848100026449,22.343482123480904,-0.011337250969113989,0.004432707129227411,0.05770132980412907,9.885257496635959e-5,9.323644254537714e-4,0.38826263033681446,221.2441054450141,8.059131185213724,0.9016269793113073,0.14555800126658547,1.7186334100034502,37.9998902214898,6.9792135148455205,2136262.0852394975,2.2224833477975783,102059.08744936486,17857661.49855851,32139533.41738259,0.0020262808654678806,0,0.12414330989122391,0,0,0,0,3.1750855445861816,0,0,0,North Pacific Ocean
-140.75,27.75,42.77093858189053,0,0,35.27038860321045,20.89173584514194,0.021344878982442122,0.016890896347629476,0.14311195413271588,7.750087110657155e-5,0.3348814093300866,3.083798416786724,228.0844857957628,8.074911011589897,1.1374692486392126,0.27836808645062977,1.4867780589395099,36.05334610409207,7.697439491095206,2152386.648558741,2.430342397450166,101869.46231857137,18131837.30582558,31276800.898267962,0.0010591412718724768,0,0.18204353749752045,0,0,0,0,5.217139720916748,0,0,2.558432328,North Pacific Ocean
132,31.5,46.850835959116615,0,0,39.037522315979004,19.790343920389812,0.006946273827149223,-0.00519787989226946,0.180728226279219,0.002325811675594499,0.28529514869054157,3.5643629233042398,228.3575693766276,8.07206098238627,1.33738840619723,0.004616578201118197,2.7689527173837027,40.3156369527181,5.722435849866297,1903817.508247753,1.5845499041969788,101413.07722309574,17280387.378589403,28738434.92702913,0.00183619524135116,0,0.5911388397216797,0,0,0,0,559.94207763671875,0,0,0.290332325,North Pacific Ocean
-137,33,39.596281846364334,0,0,33.939658323923744,19.604142586390175,-0.01441293504224935,-0.0029169436214336506,0.048544451749573156,6.945129446952099e-5,0.0012144400340427333,0.23083966473738352,234.7185433705648,8.033296585083008,0.7972460264960924,0.1347581244384249,3.2339536050955457,39.904944260915116,5.997588967806095,1969127.49790182,2.222103817473372,102105.42108327002,16598032.70042392,30959781.435858652,0.001096225388661944,0,0.29550041258335114,0,0,0,0,22.133556365966797,0,0,30.56583065,North Pacific Ocean
-140,28.75,58.70528717835744,0,0,35.38511482874553,19.2988353172938,-0.018016955058556054,-0.040478479165661455,0.1674028399089972,3.525407855704543e-4,0.30238239716951887,3.513032405326764,231.73662694295246,8.08480207125346,1.0924750864505768,0.18197664913410944,1.605847326417764,35.48667240142822,7.263633051459871,2070884.4508873392,2.465956463919304,101936.61372849654,17663222.840188,30222578.453515787,9.232350699760396e-4,0,0.23764222860336304,0,0,0,0,11.885824203491211,0,0,160.4822150215,North Pacific Ocean
-149,6.5,38.1685807440016,0,0,35.46802626715766,21.691999382442898,0.017919777677484997,-7.423647847543992e-4,0.08644852362987068,1.4610792146009367e-4,0.0057681917533045635,1.3426230454610453,224.5038562350803,8.049955858124628,1.0106559478574328,0.05506410145123179,2.2661911447842917,38.7722929848565,6.662055663190521,2022191.86449575,2.243422241730734,102157.09998378712,17016795.469893403,31857947.860415533,0.00247506953999011,0,0.4230566620826721,0,0,0,0,85.37811279296875,0,0,0,North Pacific Ocean
133.5,32.5,54.31782881418864,0,0,38.854897816975914,20.001425584157307,0.02411597757600248,-0.010923275643866267,0.20898379012942314,0.001958725100848824,0.2918123298635085,3.786652515331904,227.0469487508138,8.068938732147217,1.440307115515073,0.011359503773443672,1.9250265260537465,40.347508112589516,5.726626817099124,1920968.3382723206,0.7748840809814013,101565.23754799485,17363064.499311265,28921640.196912244,0.002031418314768333,0,0.6318601369857788,0,0,0,0,865.07354736328125,0,0,5.749388444,North Pacific Ocean
-153.25,36.75,53.987035274505615,0,0,34.589759508768715,21.72774404949612,-0.035822167682151004,-1.56797145286368e-4,0.047805296153657965,9.817867329628725e-5,0.001020529103698209,0.2811644929978583,227.4709938897027,8.02384032143487,0.8227130422989528,0.19193471388684377,2.8817669947942095,41.754738383822975,5.865730557915699,2142222.5494941478,2.0727189166084012,101911.64917613636,17978669.034556285,31892091.15250798,3.889698682997402e-4,0,0.2872096498807271,0,0,0,0,22.196444829305012,0,0,20.28996051,North Pacific Ocean
-141,40.25,29.480228026707966,0,0,38.19593779246012,18.449921290079754,-0.17420953884720802,-0.040424646654476724,0.2416894199947516,0.003689881918641428,0.4627467952668667,8.440495113531748,240.6798553466797,8.078691959381104,1.812557339668274,0.002691469739753908,1.6501280168692272,37.989624977111816,4.82197306175292,1735388.0081180471,2.6568894116354587,100890.65531364764,15741273.780587276,28381344.62498665,0.0027432207730171427,0,0.17282304167747498,0,0,0,0,5.986155033111572,0,0,5.085545805,North Pacific Ocean
-157.25,40,55.8185318046146,0,0,35.73653030395508,22.14099433686998,0.023636550073408417,8.275936607889072e-4,0.054820401387082204,9.656655301013315e-5,0.0010223103874725187,0.3374512456357479,222.23027801513672,8.057124680942959,0.8403631216949886,0.06896417349990872,2.0077391266822815,38.35342682732476,6.5944711501814695,2120048.6174599053,2.1698051272168337,102134.3286686242,17804452.269349348,31992001.62787493,0.002103342604974658,0,0.16279612481594086,0,0,0,0,4.952609062194824,0,0,0,North Pacific Ocean
-92,0.5,49.131892363230385,0,0,34.63498560587565,21.328604221343994,-0.02860310070294266,0.007836693948775064,0.04901885986328125,1.0744064275058918e-4,9.070727246580645e-4,0.28345825026432675,225.33044942220053,8.039092063903809,0.7945780803759893,0.10568534396588802,2.7195831338564553,40.16740894317627,5.956906827300463,2086272.6533502203,2.157530704638623,102023.58816751615,17561857.724646203,31702919.69396589,0.0011153579584705225,0,0,0,0,0,0,0,0,0,1.397029079,North Pacific Ocean
-130,5.25,39.81909735997518,0,0,35.49997901916504,26.42638905843099,-0.07365813634047906,-0.043130782432854176,0.16485236212611198,9.96314300512798e-6,2.971147119998932,6.515005707740784,209.20248158772787,8.017668724060059,1.4189176162083943,0.5265148431062698,1.4454364875952403,42.25511360168457,7.577794402874438,2705656.4996566614,2.2495800476885948,101279.90098410084,22645401.355227675,33960642.951523155,7.826638279102294e-4,0,0,0,0,0,0,0,0,0,0.131796118,North Pacific Ocean
-140.75,30,36.525671879450485,0,0,34.45459090338813,18.862118615044487,0.029353733122762706,0.006392440208906515,0.12206030626677805,4.677645761653871e-5,0.7887382087242764,2.449092021832864,240.53884802924262,8.035837014516195,1.1959548509783215,0.14642415961457622,2.873291658030616,39.62675804562039,7.372445274673502,1834860.5030137484,2.506280825342352,101937.5605358112,15479147.596975194,30740261.24303701,0.0034231946660597053,0,0.24357150991757712,0,0,0,0,12.985031763712565,0,0,65.95986850666667,North Pacific Ocean
-139.5,24.75,34.613512463039825,0,0,35.184455977545845,26.17871920267741,-0.09209433159170052,-0.002510889242330449,0.08734580553654167,4.0347338709681126e-4,0.003615709115466517,1.8320292648341923,208.0094960530599,8.061626593271892,1.1725882126225367,0.10941235267414919,2.756761090623008,36.74716271294488,7.353019686907936,2451557.8884531455,2.214018938939114,101566.46000807203,20541404.127210017,34015714.27326394,0.0023525974727586496,0,0.0905924066901207,0,0,0,0,1.2683076858520508,0,0,0,North Pacific Ocean
-137.25,32,38.40011644363403,0,0,33.47084299723307,19.021788279215496,-0.0030344050804463527,-0.012547220103442669,0.06126606153945128,3.2618257819194696e-5,0.0017502412083558738,0.40230266998211545,237.93147404988608,8.02412454287211,0.8528761565685272,0.2009251428147157,3.4702128171920776,40.31101036071777,6.216424413640869,1918857.82369188,2.256852907854783,102118.22095937212,16203181.701800194,30761714.791893654,0.001158229087115676,0,0.2834993451833725,0,0,0,0,21.55200481414795,0,0,53.20646621,North Pacific Ocean
-157.5,8,38.88231213887533,0,0,34.50251166025797,17.565460602442425,-0.00833596516167745,0.03328545531257987,0.15670879806081453,1.0024678090303496e-5,2.7572783331076303,3.587489744027456,246.6553522745768,8.050541798273722,1.4281686147054036,0.368929664293925,0.9826019654671351,38.363982836405434,6.591503581667496,2004327.8660827368,2.755732279594213,102128.50400590358,16952337.65283093,29603501.369686518,9.72572298602792e-4,0,0.062496427446603775,0,0,0,0,1.1703593730926514,0,0,0.087110612,North Pacific Ocean
-145.75,29.25,44.73611172040304,0,0,33.89654382069906,19.305366675059002,-0.004837387125007808,-0.001212882266069452,0.05393009011944135,5.371773098280149e-5,0.0015048305115972955,0.2777162107328574,235.63395182291666,8.026328722635904,0.8167997002601624,0.17112270494302115,3.326939880847931,40.3207737604777,6.41573094411558,1866564.6066561884,2.3076040558591306,102152.80938861432,15754209.65661859,30839800.763668686,0.002215835029312139,0,0.2253657877445221,0,0,0,0,10.578939437866211,0,0,8.545570644,North Pacific Ocean
-144.5,26.25,46.28777821858724,0,0,35.472784996032715,22.333070913950603,0.013336844519168759,0.014429201934641847,0.052756463487943016,1.2643439489086936e-4,6.417113618226722e-4,0.3574615716934204,221.40728632609049,8.063355525334677,0.8588338295618693,0.15440379828214645,2.11527086297671,37.778001149495445,6.696302561110836,2195358.426197488,2.328795970008424,102093.48412016357,18570037.975971892,31866464.36287952,8.36341315428743e-4,0,0.24342580139636993,0,0,0,0,11.911764144897461,0,0,0.393965103,North Pacific Ocean
-156.25,20,44.432401180267334,0,0,35.02637577056885,25.536617279052734,0.06381954547638695,0.1364391214835147,0.06686860167731841,3.7028431264237344e-4,7.452121159682671e-4,1.0433896034955978,209.7333984375,8.061218500137329,1.0179375161727269,0.2574711814522743,1.7670110960801442,37.054905573527016,5.219693372285881,2465446.3113240656,1.4342307748416543,101439.39606946296,20875487.18645345,33010766.982513897,9.369644603479376e-4,0.0255865678191185,0.45093998312950134,0.04075842723250389,7.562362588942051e-4,0,0,29.03172492980957,0,0,0,North Pacific Ocean
-146,55.5,32.5843977133433,0,0,34.76288255055746,20.209587732950848,-0.035520643616716065,0.0310784659620064,0.07177330553531647,4.4339878968457924e-5,0.0025643111584940925,0.6051894476016363,233.77747344970703,8.029577493667603,0.8890623797972997,0.07513962996502717,2.638162354628245,40.29108111063639,7.071704111232296,1957583.4469961696,2.4195655015000255,101974.40212676425,16614317.587838832,31081106.818963982,0.003050581963923486,0,0,0,0,0,0,0,0,0,0.11632062,North Pacific Ocean
134,32,35.787973960240684,0,0,38.16023254394531,20.38498862584432,0.024661177851764176,0.011290999129414558,0.12929046961168447,0.0039969575009308755,0.34178885724395514,3.5565401315689087,233.96272786458334,8.042664210001627,1.4775034040212631,9.98496182243495e-4,1.756449560324351,41.56870651245117,4.378201708904227,1877720.1837242304,1.8216015573377666,100353.77961152245,16908519.29014779,28831498.196240827,0.003017099966758472,0,0.47056424617767334,0,0,0,0,156.25994873046875,0,0,1.279209695,North Pacific Ocean
-135,32,40.36593691507975,0,0,33.667500495910645,19.281333764394123,-0.01675150284912282,-0.009356492021955395,0.058459578081965446,4.673219761267925e-5,0.0015107949972540762,0.31471240644653636,236.36603927612305,8.028716325759888,0.8461124996344248,0.1854388446857532,3.287327289581299,40.09459082285563,6.043677208055846,1953014.530816535,2.2374527298872082,102111.46147423956,16481686.5110593,30847544.443767518,0.0010632748517693906,0,0.30500710010528564,0,0,0,0,22.834226608276367,0,0,31.0193358,North Pacific Ocean
-67,-57.75,39.37402065594991,0,0,35.01786963144938,10.844256281852722,0.05127365297327439,0.021267136461877573,0.6106497198343277,0.0018094824627041817,3.041297594240556,10.7555922716856,275.02184041341144,8.085529645284018,2.4719053208827972,0.2727071540430188,2.2111435681581497,34.90287319819132,8.183351970083839,1073573.5417575876,1.9733878871056316,100615.38606803617,9303502.432356335,26881574.630276605,0.003880191449234381,0,0,0,0,0,0,0,0,0,0.076958368,South Atlantic Ocean
-14,-58.75,34.88634943962097,0,0,34.58412488301595,20.397998968760174,-0.0023937695659697056,-0.006477861121917765,0.06411584870268901,5.434005955369988e-5,0.0019186074302221339,0.45184771716594696,231.19967397054037,8.031891703605652,0.9088648955027262,0.07479932873199384,2.599235018094381,40.108917236328125,6.9723608287784336,1955461.3361817708,2.3940045754790535,102291.2350149994,16536191.032203086,31260417.064126723,0.0029632453258158047,0,0,0,0,0,0,0,0,0,0,South Atlantic Ocean
-49.25,-34.75,36.34171120325724,0,0,37.13307476043701,20.29797108968099,0.05348714658369621,-0.016625121391067903,0.14680031997462115,0.0015275861175420384,0.14402661519125104,2.7947189460198083,228.9637082417806,8.035181721051535,1.4101507316033046,0.006925191684786114,1.298579066991806,41.68812910715739,5.824358189078822,1953171.0799749743,1.198510533088646,101557.90278753186,17559198.967517238,29293244.102972295,0.0020902332515873013,0,0.27528101205825806,0,0,0,0,17.94375228881836,0,0,1.201051707,South Atlantic Ocean
-6.25,-22.5,42.328216234842934,0,0,38.84528414408366,20.488186200459797,0.006103646786262591,1.8891998721907535e-4,0.12613934092223644,0.0038294371139879027,0.12383869399006169,2.223961889743805,223.80491383870444,8.078460772832235,1.3535589277744293,0.02127205322600882,2.449101746082306,39.65457026163737,4.817732497274735,1891090.641478339,0.557483815503996,101189.6546666394,17073464.49203321,29137535.852841318,0.003286550324895964,0,0.02096107415854931,0,0,0,0,0.3289397358894348,0,0,1.101734379,South Atlantic Ocean
7,-51,33.31709019343058,0,0,34.602090199788414,20.51389487584432,0.009833050494004661,0.0039983808528631926,0.06917376754184563,5.878513805631277e-5,0.0020371250672421106,0.5617842264473438,231.6541290283203,8.035360852877298,0.9477871010700861,0.07327247876673937,2.6213231682777405,39.77534612019857,6.911480210100392,1968605.6673736894,2.374198388327444,102306.76744892105,16690552.335517433,31278083.783394117,0.002404149119187321,0,0,0,0,0,0,0,0,0,0,South Atlantic Ocean
-10.25,-25.75,55.40836501121521,0,0,39.262498219807945,20.23748254776001,-0.012936840008478612,0.0029562941441933313,0.10193491540849209,0.0020093633308230587,0.10389105385790269,1.3901394853989284,221.5626309712728,8.072951555252075,1.2020238190889359,0.004055434199775239,1.9693860113620758,39.26230525970459,6.660865329301908,2029172.797338745,0.8848949172816075,101313.77031918,18457603.227383535,28852596.246809494,0.0012657612155768556,0,0,0,0,0,0,0,0,0,36.22722272,South Atlantic Ocean
8.5,-27,41.627065952007584,0,0,35.63414395161164,19.41673485438029,-0.08364198311793211,0.03007947477901605,0.15711112604595912,4.399140459262968e-4,0.0912395576074815,4.035329421361288,233.97308535453598,8.049509687301441,1.1585410703451204,0.3968774149051079,1.8043485501637826,39.26094967279679,3.633672660199208,1026202.9260372634,0.5721619301355141,99067.10442559613,8931378.694190783,26988641.440744866,0.00453335612408838,0,0,0,0,0,0,0,0,0,0.341516851,South Atlantic Ocean
-41.25,-34.75,25.751302242279053,0,0,38.18362204233805,20.591954310735066,0.004697674948450488,-0.028698773191232856,0.12110785022377968,0.0011975046945735812,0.11786759745640059,1.9398614168167114,224.1779696146647,8.067355871200562,1.2804839611053467,0.004667876545984957,1.5625211695830028,40.18138631184896,5.626514777342199,2035805.8431629864,1.01267306852664,101504.76172888326,18536292.212411948,29159839.506299626,9.81607123234624e-4,0,0.044242821633815765,0,0,0,0,1.7015631198883057,0,0,21.21054313,South Atlantic Ocean
-7.25,-24.5,18.973780314127605,0,0,38.330063819885254,19.63828508059184,-0.026708176844598103,-0.058314067078754306,0.12533546922107539,0.002917290781624615,0.01390291346857945,3.1169564525286355,226.89085133870444,8.0912557442983,1.6075558960437775,0.14705142813424268,3.403375744819641,38.55412356058756,6.430014950778941,2005301.9497352475,0.7584936667476494,101247.61365618037,18238920.45352615,28752484.83762761,0.001106145980414543,0,0,0,0,0,0,0,0,0,3.896978011,South Atlantic Ocean
-20.75,-12,44.906469106674194,0,0,38.172557512919106,18.891095399856567,-0.05960188306926284,0.05103589408099651,0.16221538558602333,0.0032516110028761127,0.7792334419985613,2.6218586017688117,236.5741195678711,8.057699918746948,1.254848266641299,0.0022021044954575095,1.5696451763312023,39.970739682515465,3.9816469336371996,1609180.3958311076,2.058210538257834,99753.12025713567,14481022.901457772,27811372.67423919,0.004492965143381378,0,0,0,0,0,0,0,0,0,0.034198709,South Atlantic Ocean
-28.25,-23,50.151121616363525,0,0,38.32200336456299,19.42226219177246,-0.08550103501208166,0.09698149398900568,0.23827100979785124,0.0040010691348773735,0.6529465367396673,4.942519009113312,236.36159006754556,8.060789704322815,1.5608528157075245,0.010562137824914922,1.586726446946462,39.586687088012695,3.3264177252008675,1644908.3926571342,0.5730004273634121,101017.93498050561,14736161.325948855,28893123.051638104,0.004003313079021073,0,0.070579633116722107,0,0,0,0,0.9029259085655212,0,0,0.26470664,South Atlantic Ocean
4.75,-34.25,25.6095556418101,0,0,37.807815869649254,20.296703418095905,0.05031090664366881,-0.055090619173521795,0.09387077515323956,0.0015569100457166012,0.3429639203629146,1.1565348953008652,228.83025232950845,8.048716187477112,1.1901639352242153,7.161779446202369e-4,1.6833727459112804,40.81198501586914,4.511494305806251,1936623.2541162465,0.767081643618646,101387.76510855675,17553012.244197913,29188403.020915672,0.002048070736638765,0,0,0,0,0,0,0.4459315836429596,0,0,1.049247831,South Atlantic Ocean
12.5,-35,54.29734992980957,0,0,35.499637285868324,22.043907324473064,-0.024581392606099445,0.004054940305650234,0.0620768495524923,1.1950927121991602e-4,0.0010031580968643539,0.3583155845602353,223.1839739481608,8.06173555056254,0.8716263522704443,0.1933998018503189,1.9794508914152782,37.95064385732015,6.745775813356332,2218098.640990035,2.205792839819105,102141.01624434047,18744084.30802954,31752581.259150606,6.680455624829065e-4,0,0.18054994940757751,0,0,0,0,7.16575813293457,0,0,0.042464286,South Atlantic Ocean
1.75,-17.75,38.33126560846964,0,0,34.653822898864746,26.28166325887044,-0.12270874778429668,0.052706589185011886,0.1329064747939507,9.764444333389596e-6,0.42990702235450345,4.513928125301997,208.30772018432617,8.049380540847778,1.3058824986219406,0.34813839197158813,1.9264736771583557,37.75792948404948,8.94166905299863,2557369.657912807,2.4076235357174376,101290.75930596274,21107872.785513967,34513690.09247377,0.0016992556444804959,0,0.2868759036064148,0,0,0,0,18.05474090576172,0,0,0,South Atlantic Ocean
-1.75,-13,43.425998051961265,0,0,34.6978645324707,25.912380854288738,-0.10604770543674628,0.04065628586734723,0.11569010714689891,1.0828930574765158e-5,0.09771352246267877,3.3846141000588736,209.66154988606772,8.055166959762573,1.2169457028309505,0.329239862660567,1.8571060200532277,37.306406021118164,8.919796667795358,2562744.512352555,2.3964318042966526,101386.11119198175,21331157.254402258,34022128.6988947,0.0011594691610847484,0,0.19419944286346436,0,0,0,0,6.582334995269775,0,0,0.08644948,South Atlantic Ocean
-6,-19.25,44.082886616388954,0,0,38.68314774831136,20.387786547342937,-0.004698212510750939,-0.04168705366707096,0.16029587822655836,0.0037452453010094664,0.16732082345212498,2.7326552867889404,225.34714889526367,8.080812533696493,1.3751057535409927,0.0097765092808307,2.323309044043223,39.103023529052734,4.781476910917384,1868953.4308516318,0.5684990211925917,100980.32635577864,16837653.18667191,29365673.01503441,0.003805609857665751,0,0.29507410526275635,0,0,0,0,20.40127944946289,0,0,0.232363126,South Atlantic Ocean
-23,-30.5,34.70619829495748,0,0,39.29688517252604,22.23312250773112,0.029608616683011253,-0.016154347105536242,0.08312758958588044,0.00150234224080729,0.08417811648299296,0.9713479404648145,219.69126001993814,8.056082924207052,1.2246626615524292,0.003589499518663312,1.7340312401453655,40.94985294342041,5.44102107969994,2146335.347138083,0.681228353768509,101287.59529164537,19460056.924892996,29306691.212125953,6.260602009585241e-4,0,0,0,0,0,0,0,0,0,20.73321058,South Atlantic Ocean
-21.75,-31.25,44.16989981211149,0,0,35.946472803751625,20.969481174762432,0.0038134035310763586,-0.0033938518843989675,0.07767852579649442,1.5177834528073548e-5,0.05880029004579112,0.8758542061043091,229.09469066522067,8.053092119021294,0.94085459678601,0.09958936383899972,1.4025865090199008,38.714098123403694,2.887060527189116,1622614.632871988,2.417898012275963,97696.94240734093,14604910.75767859,27765235.179039568,0.003415340864255567,0,0,0,0,0,0,0,0,0,1.173062747,South Atlantic Ocean
-9.25,-32.25,27.91836682955424,0,0,38.1163698832194,19.275705814361572,-0.009360188822029158,0.20868484986325106,0.129428181797266,0.0029353841382544488,0.8204132169485092,1.818231463432312,233.37055587768555,8.062000552813211,1.2055484851201375,9.926302091116668e-4,1.6688166558742523,39.58355204264323,4.764762639231437,1756313.412296095,0.6091970287487736,100988.5959386536,15863525.47857489,28798529.59414341,0.0023440941083992806,0,0,0,0,0,0,0.02455744333565235,0,0,15.18169528,South Atlantic Ocean
2,-18.25,36.89843745109362,0,0,36.16541500580616,21.374205797146526,-0.09350161854392634,0.0049312934474079525,0.31521245111257606,4.440421518013001e-4,1.5125182606996252,15.257660174981142,227.20296458708935,8.050268472769321,1.5304649231525569,0.29855014787365997,0.884285255884513,39.188065577776,3.231910174169497,1606942.3226771243,0.6686950267830876,98304.50506569288,14537879.400061795,27626127.153312072,0.004619629841651139,0,0.286371111869812,0,0,0,0,20.880298614501953,0,0,0.1003802,South Atlantic Ocean
-3.75,-10.75,39.18744516372681,0,0,34.73332277933756,25.762231667836506,-0.10879037746538718,0.04314464948644551,0.10649722473074992,1.1530319890577326e-5,0.05041528420891458,2.8242307901382446,210.07380803426108,8.054883082707724,1.1490100572506587,0.33012397587299347,1.8483897745609283,37.39353402455648,8.918085562830477,2564611.5060198675,2.3865993210137235,101423.4321790435,21370936.35144716,33856358.30156944,0.0011084489749285352,0,0,0,0,0,0,0,0,0,0,South Atlantic Ocean
-16.5,-28.5,40.7668297290802,0,0,39.16244125366211,22.983682950337727,0.02669301489368081,0.07081913844012888,0.0869307064761718,0.0015320892174107332,0.07255239187118907,1.0946293572584789,215.25219217936197,8.051474491755167,1.2650343179702759,0.0035392880190556752,1.9453967809677124,41.419994036356606,4.449993721561224,2108949.088855996,0.7915481101000461,101323.26236213211,19093966.5202124,30235469.130566534,0.0012292676102012314,0,0,0,0,0,0,0,0,0,5.246252039,South Atlantic Ocean
13.75,-31.75,36.2577805519104,0,0,34.60781796773275,26.670693238576252,-0.15314523906757435,0.032633456556747355,0.14383755127588907,9.433889204046864e-6,0.630193147691898,5.30268536011378,207.53843307495117,8.046405871709188,1.3878481090068817,0.35552527010440826,2.014633595943451,38.02247969309489,8.842772145752997,2551855.6486655576,2.410094895968084,101208.0634772132,20960107.24507725,34887334.24957782,0.0025123898613451166,0,0,0,0,0,0,0,0,0,0.014545083,South Atlantic Ocean
-23.5,-30,39.95508767396976,0,0,36.025243636889336,21.55196175208459,0.002577451383098003,0.002258937977529012,0.05895189597056461,2.5608763484668976e-5,0.003689221372881618,0.4283153260938632,225.7660445188865,8.050103664398193,0.8574570115560142,0.07584849780855271,1.364342952385927,39.047168047000206,1.9302304697253565,1614526.2596859594,0.49572628809766217,96554.08605402248,14655529.403018506,27265095.45720731,0.0036438687814135968,0,0,0,0,0,0,0,0,0,0.658355748,South Atlantic Ocean
-66.75,-48.75,34.84313084528996,0,0,33.602013221153854,9.557989010444054,-0.014800261419739587,-0.019255532418659033,0.791428020797097,8.892579518056337e-4,1.868197789634742,11.478160732067549,287.76710432003705,8.059437024287687,3.2409159732170587,0.7198832142047393,6.153031560090872,37.69217459360758,3.5119362214658056,2393381.515389193,1.547173296186446,98609.04144374005,20179352.98816766,34582223.97981551,0.003709238394926241,0,0,0,0,0,0,0,0,0,0.279696355,South Atlantic Ocean
-29,-26.75,40.03064019252093,0,0,36.381565729777016,23.27868196291801,0.013917514408837095,-0.0029779461713191355,0.05709453462026059,6.36274852205623e-5,0.0015296727800980592,0.46471088542005956,218.09936572343875,8.048764219650856,0.9238165651376431,0.05603731856442606,1.4487401751371531,39.44515714889917,2.383350903324201,2171539.7616468035,0.7360572461864231,99804.46358037669,19568094.4982296,29712237.47646351,5.808860777993795e-4,0,0.2784241735935211,0,0,0,0,17.339168548583984,0,0,0.19082738,South Atlantic Ocean
-11.25,-33,47.11065932420585,0,0,35.77151009975335,19.4406667305873,0.016620146452810444,0.0036197569610848385,0.14029679397264355,6.538494322063716e-6,1.4423929742609827,3.0561820106246533,236.8549587543194,8.054618648993664,1.3447329218571002,0.23316336590319106,1.8900551276329236,38.57885191990779,3.545835938668609,1753999.9636213814,0.735721847295264,98970.60198891624,15937459.378738038,27846288.78869679,0.002178101349967441,0,0.17760343849658966,0,0,0,0,4.709095001220703,0,0,10.62503454,South Atlantic Ocean
-54.75,-54.75,35.40116516749064,0,0,34.86860020955404,21.14797814687093,0.020853326267873246,0.002078963831687967,0.06210240597526232,1.0305006192841877e-4,0.0017262942468126614,0.429217121253411,226.24430720011392,8.043115218480429,0.9302256057659785,0.046550020265082516,2.4652870297431946,39.24284426371256,6.878026868105819,1996146.7230250407,2.34608666547634,102227.88281923563,16938276.918014284,31449743.08714185,0.002634802877435193,0,0,0,0,0,0,0,0,0,0,South Atlantic Ocean
-6,-17.75,27.401689926783245,0,0,38.41308403015137,19.49183702468872,0.009848611167399213,0.004226397567739089,0.13848217825094858,0.003307271651768436,0.667301914965113,2.0629230042298636,225.50125376383463,8.080848614374796,1.2340311110019684,0.0019542819139436083,3.852525611718496,39.47445201873779,4.634892252259176,1808716.7935543922,2.1171647012479813,100973.92641772759,16343328.880463533,28968148.646847136,0.0023618094508146338,0,0.15563209354877472,0,0,0,0,4.685715675354004,0,0,0.697082936,South Atlantic Ocean
-20.75,-31.75,45.001069386800125,0,0,35.825687237274956,20.24115528204502,0.01392981763997224,0.004853207832172465,0.11300631025089668,9.42944829008551e-6,0.2998714984509533,1.96779216080904,232.4578854487493,8.058292251366833,1.1633308334992483,0.13113387688421285,1.4903890750347037,38.130951856955505,2.493828767361135,1574983.1018875984,0.4739341864589259,95098.3518303656,14229156.793433106,28152187.337271553,0.004658780748389065,0,0,0,0,0,0,0,0,0,0.213154132,South Atlantic Ocean
-90.5,-32,16.71267267068227,0,0,37.61272748311361,21.385668913523354,0.05372923967661336,0.03992993341914068,0.36370545842995244,0.0035597964645906663,0.26218634378165007,14.20408324400584,227.77468935648602,8.048307220141094,2.3186667213837304,0.08734780982028194,1.8977207690477371,40.41264788309733,4.422343257273641,2112967.1839226037,1.7164638496636635,101196.12651410676,19042146.321169972,29359807.2932829,9.181861973876642e-4,0,0,0,0,0,0,0,0,0,0.24555879849999998,South Pacific Ocean
-87.5,-32.5,24.143137375513714,0,0,38.23108148574829,21.707710107167564,0.04419803951168433,0.032531391545489896,0.2080996970956524,0.002710910421834948,0.06889597578750303,7.945828032990297,224.47886403401694,8.046130617459616,1.6878605335950851,0.01614362334900458,1.7352550874153772,41.01530456542969,4.808854590355493,2068785.532540857,0.9066340612006871,100789.69449315692,18663068.91051328,29398085.185028918,0.0015430949010891777,0,0.058317627757787704,0,0,0,0,2.112705707550049,0,0,0.9324447115,South Pacific Ocean
-82,-2.5,42.13291883468628,0,0,35.99015680948893,22.422701517740887,0.00697222010542949,-0.014183959225192666,0.04914296449472507,4.583983809425263e-5,5.051097541581839e-4,0.2530118531237046,222.00781377156576,8.043439626693726,0.8071687296032906,0.07599435498317082,1.1005132297674816,39.73080603281657,6.05019924582054,2247437.1129049486,2.4581363739833297,101948.08328039701,18812700.693934757,31775951.407472827,0.0021926279307480268,0,0.13349971175193787,0,0,0,0,3.780670642852783,0,0,2.683766389,South Pacific Ocean
149,-20.25,16.718354411614246,0,0,35.37541527931507,25.754532858347282,-0.07537571977224954,0.057270321583612026,0.3309256875147231,0.003981226454272521,0.019441340987750428,19.213939905166626,211.19895508350467,8.06725100064889,2.1019619745321765,0.10719174694998239,1.8431706344469998,36.44339907780672,2.7182563026101243,1702622.8490684081,0.7023044229060535,99639.71910762436,15198631.676554436,28626128.380925134,0.0014570869136626477,0.0030254157791205216,0.3539625476114452,0.004273118014282318,5.9926720496150665e-5,0.3040147856809199,0.21652261598501354,179.25710678100586,0,0,0.116686847375,South Pacific Ocean
-95.25,-31,29.160149574279785,0,0,37.503536224365234,21.70227305094401,0.07618921849643812,0.02713518165789234,0.1440732516348362,0.0027813789250406744,0.08288844294535616,3.595148061712583,224.0206813812256,8.048764566580456,1.526712959011396,0.01207045936916984,1.7111249913771949,40.13566986719768,4.569523082876156,2144387.179833061,2.14962880181523,101708.15751289894,19192314.96901172,29678457.41088269,0.001328384951015121,0,0.044891107827425,0,0,0,0,0.6793787479400635,0,0,0.9958254255000001,South Pacific Ocean
-109.75,-25.5,53.19278472509139,0,0,36.16229010850955,22.931107569963505,-0.005287208941015893,-0.015318640985918673,0.05062881360451381,4.78984881085172e-5,5.967091014892317e-4,0.2812344374564978,219.63226328140652,8.039806980353134,0.820601330926785,0.0905439339291591,1.0874607662359872,40.16711709438227,3.0183692342767845,1997544.0692170355,2.391661535856806,101588.68001770994,17134513.646109834,32781192.370721623,0.003972311229794207,0,0.19406242668628693,0,0,0,0,6.139499664306641,0,0,0.447250061,South Pacific Ocean
-146,-18,36.746362704497116,0,0,36.167186516981864,27.426107883453373,-0.03162882700491583,-0.033093310760775166,0.10181896813595906,9.175727258806522e-4,9.437665818647171e-4,2.938431189610408,202.99871493608526,8.057655493418375,1.2340357364752355,0.180866964495717,1.0488081719630804,37.92609620705629,2.9559263023699387,2019710.270428639,2.066108027937922,101628.94929084014,17327887.097297262,32934953.108492415,0.004102696149971192,0,0,0,0,0,0,0,0,0,0.057285575,South Pacific Ocean
-140,-11.5,47.94777901967367,0,0,35.89845689137777,21.69717009862264,0.012664593736796329,-0.011552274823770858,0.05647946676860253,4.8637647826884255e-5,0.001136585228474966,0.2593880345424016,223.7597312927246,8.056612571080526,0.8091329038143158,0.06583449213455121,1.15641983350118,38.35289732615153,5.964148025122861,2214440.02917614,2.597715270425199,102252.04438311375,18788311.71027098,30999914.101281036,0.001579145622904416,0,0,0,0,0,0,0,0,0,0,South Pacific Ocean
-127,-9.75,18.805365006128948,0,0,34.608391443888344,28.223421732584637,0.027212014732261498,0.006009056853751342,0.11125808954238892,0.002496776345651597,0.0719956644558503,2.884682983160019,202.95571263631186,8.03333306312561,1.338215043147405,0.0040644283623502515,3.552310824394226,39.09718418121338,3.4071620406451446,2486568.8514794074,0.651704425059893,101422.85690371307,20615644.80704189,35288521.79577592,0.006307370513561643,0,0,0,0,0,0,0,0,0,0,South Pacific Ocean
-74.5,-44,21.997315694124268,0,0,33.01466364738268,11.514251048748308,0.01527773042056278,-0.003312321731638617,1.1870574268201985,0.001458343996581299,2.1966864695020303,23.74341677396725,277.4488220214844,8.07762492620028,5.050463767387928,0.5616620279466494,4.768568416436514,34.94507144047664,3.5119362214658056,2393381.515389193,2.2320666582200714,98609.04144374005,20179352.98816766,34582223.97981551,0.003709238394926241,0.0015295083867385983,0,3.3423351851524785e-5,0,0,0.032818183302879333,0,0,0,0.041709671,South Pacific Ocean
-99.5,-27.25,59.69583492401319,0,0,35.80239975758088,21.645835546346806,-0.011261118275191015,-0.007159325888772937,0.05473309354140207,3.448481922346101e-5,0.003677289592022321,0.29654870163171715,225.24960424961188,8.031563416505472,0.7968553105990092,0.14340069393316907,1.031087895234426,41.05631072704609,3.5119362214658056,2393381.515389193,2.4431602024424617,98609.04144374005,20179352.98816766,34582223.97981551,0.003709238394926241,0,0.17207574844360352,0,0,0,0,7.026942729949951,0,0,4.313636686,South Pacific Ocean
-140.5,-13.75,55.5230393409729,0,0,36.01359558105469,22.076373895009358,-0.005293720886887361,0.00015204296990608176,0.0595764700944225,4.819108198717004e-5,0.0012312653561821207,0.28833918645977974,222.34685770670572,8.058631181716919,0.82782048980395,0.06099111835161845,1.1607205271720886,38.163618087768555,6.035295273590193,2254354.266461172,2.5891272935542027,102242.48043074533,19097085.44684446,31174494.673569042,0.0015922549762917755,0,0,0,0,0,0,0,0,0,0.016390241,South Pacific Ocean
-118,-23.75,49.16655489725945,0,0,36.340631509438545,24.282587516002163,0.0025419195688953507,-0.019053436829824185,0.05423055140253825,4.056506898054161e-5,6.881384300262047e-4,0.3533916514462386,214.37020727304315,8.044056369708134,0.8615162682074767,0.09419061484722756,1.0814783725983057,39.82445306044359,4.43538733280303,2070519.1695176475,2.4614489472423693,101653.8299488813,17761213.379373804,32774236.96943525,0.0033412907329593987,0,0,0,0,0,0,0.284991055727005,0,0,0.02653959,South Pacific Ocean
-109.5,-27.25,44.01010878880819,0,0,36.32118574778239,18.24419601758321,-0.0353636173854789,-0.025424999532535568,0.0881064904646741,3.565835027580356e-4,0.009674061768843481,1.0509519336952102,237.383544921875,8.048664132754007,1.0992960764302149,0.008830058750593,1.1459501336018245,39.41234641604953,7.579720429235874,1936630.9849388856,2.475800715584379,101943.36122872638,16887862.792453524,29486171.47820903,0.0010850056717988882,0,0,0.9046781758467356,0.02831744992484649,1472.6319986979167,2.679926554361979,0,0.6666666666666666,6.616042772928874,0.6505501093333333,South Pacific Ocean
138.5,-1.25,17.784380649908993,0,0,34.22529252370199,29.66112872881767,-0.21584588924470618,0.06581610823139693,0.18853778855349773,8.948042880384051e-4,0.06028501168699362,12.146905885292934,200.97653834025067,8.034127736702944,1.3709473273692987,0.16236107342709333,2.828071293158409,38.802989079402046,6.459698902126238,1899213.8033662427,2.157221784607292,101240.99798988042,16692341.883585004,28353430.28115733,0.0020230921038331177,0,0,0,0,0,0,0,0,0,0.23488181,South Pacific Ocean
-86.25,-32.75,24.99268205960592,0,0,38.12436707814535,21.659316658973694,0.04125219748433058,0.036156546887165554,0.1376982380946477,0.003166965148314678,0.11018780164886266,3.4603573009371758,223.71009190877277,8.050644437472027,1.4825905710458755,0.009267247575432217,1.6975496063629787,40.34404675165813,4.5417114275411565,2075015.6092350415,1.8492370001845218,101619.06174609836,18643077.10210125,29609668.49216044,0.0013425572249474022,0,0,0,0,0,0,0,0,0,0.414266348,South Pacific Ocean
-79.25,-31.25,41.44188175445948,0,0,34.535370264297875,17.800087170723152,-0.02652831057102025,0.03300961195819605,0.14618761159288576,7.268954633241849e-6,1.9695381794889002,3.188504642400986,245.08540471394858,8.04497559865316,1.4019031853247912,0.43917670005407083,0.9211177336863983,39.08647138644487,3.5119362214658056,2393381.515389193,2.541354677807983,98609.04144374005,20179352.98816766,34582223.97981551,0.003709238394926241,0,0,0,0,0,0,0,0,0,0.101127432,South Pacific Ocean
-103.5,-28.75,38.158164978027344,0,0,35.7492577234904,19.863549629847206,0.0027764545472261162,-0.0011306158169948808,0.10255919024348259,1.2188650435973614e-4,0.2872428640839644,1.7831200174987316,233.5819142659505,8.041914920012157,1.1815732667843502,0.21354531609298041,1.0008516311645508,39.87786563237508,6.328588584020006,2072044.0742831854,2.3681523819999697,102049.2238744285,17549484.278007556,30731342.872943148,9.963108574393633e-4,0,0.27563565969467163,0,0,0,0,17.91547966003418,0,0,1.870324729,South Pacific Ocean
151.25,-21.25,14.896648162450543,0,0,35.29539213425073,25.830741919004,-0.060160869637305346,-0.05891590832004275,0.16836910685285547,0.0016963873066020035,0.00214578576075534,6.770415958685755,208.42105894822342,8.073386216774965,1.5651877086896167,0.1410035138997512,1.4898751118244271,35.62119625776242,3.888180924758366,1685042.9583873772,1.0335336574555174,100734.39615201918,15215709.07811356,28390943.078761846,0.0030371183036878176,0,0.37721678614616394,0,0,0,0,57.690521240234375,0,0,0.955682894,South Pacific Ocean
146.25,-17.75,84.08903535207112,1.3177358702402367e-4,1.3584035139994436e-5,34.76844469706217,2.607324550549189,-0.005421117724229892,0.023077385635891307,0.35804622806608677,2.2977116517116278e-4,6.843830148379008,4.176930680931643,325.6850865681966,8.071444272994995,1.670888865366578,0.5169066488742828,3.007455905278524,35.718525886535645,8.268237655515584,714710.6875619914,2.464650173501105,100768.19357768203,6050206.30539868,24907075.313100524,0.0023331105961017632,0.0022995173931121826,0.6676804423332214,0.023491935804486275,3.114721330348402e-4,0,0,493.2339782714844,0,0,1.242600337,South Pacific Ocean
150.5,-37.75,63.88365565405952,0,0,35.24543327755398,18.72136002116733,0.12332863452158765,0.14449652025359683,0.38861246779561043,8.50278690955343e-4,0.9428447837837869,13.641171768307686,236.08452902899847,8.097115914026897,1.744596208135287,0.137961797351535,1.7223704788419936,33.87792004479302,7.263504925242693,1815587.562174782,2.439954223567859,101659.99018887802,15723565.776375772,29424407.51478602,0.0038285217005229392,0,0.3321436941623688,2.096271600748878e-7,0,0,0,33.34921518961588,0,0,0.2669830343333333,South Pacific Ocean
-91,-1.25,47.96717405319214,0,0,34.05485121409098,19.592764218648274,-0.0028135898367812238,0.0038040928775444627,0.04943498348196348,6.46871828090904e-5,0.0013530519160364445,0.2561120539903641,234.47091420491537,8.027438004811605,0.7986502150694529,0.1515326543400685,3.2451486190160117,40.393645922342934,6.408216961443708,1888690.221048937,2.317966116338627,102148.710551885,15897884.801472286,30885474.565449215,0.002129384158325224,0,0,0,0,0,0,0,0,0,1.544084772,South Pacific Ocean
152.75,-33.25,42.75113806459639,0,0,35.02067629496256,20.692325327131485,0.47701923155950177,0.2424808311124151,0.3603602875438001,6.632928026293586e-4,0.47338320562832653,9.634432130389744,228.57363828023276,8.1081436475118,1.6918096790711084,0.08258388168825251,1.815321264995469,32.66475065549215,7.076775429570242,1814202.7785695754,2.2037171914181157,101683.88808489635,15786804.996420806,30029141.01551805,0.00399950428040177,0,0.4908771564563115,0,0,0,0,191.8829142252604,0,0,1.488201452,South Pacific Ocean
149.25,-21,153.8629105091095,6.650576354635025e-5,1.005330549711895e-5,34.92090320587158,2.8657501513759294,4.503283222826819e-4,0.019681442606573302,0.41012661966184777,1.547178165613635e-4,6.945025364557902,4.270163172732434,333.37879689534503,8.062426169713339,1.7681032021840413,0.5194780752062798,2.9255383213361106,36.61084143320719,8.097226353518122,644628.8476340161,2.3464308906541085,100835.42888192621,5484913.635824848,24574838.978321355,0.002028229553133572,1.0071030855178833,1.0828694105148315,2.393795967102051,0.03744325414299965,0,8.605661392211914,258.021484375,0,0.08408164232969284,0.200103353,South Pacific Ocean
152,-33.75,39.70359921455383,0,0,35.03338400522868,20.23771150906881,0.4386455945690007,0.25131126071634446,0.3508711929122607,4.450017804250213e-4,0.6778335011622403,9.832371473312378,231.13583596547443,8.103028376897177,1.7090296000242233,0.1092822709470056,1.664877930035194,33.18499191602071,6.882540217433479,1805233.5747791186,2.196125849410103,101665.29950078178,15737669.119479738,29887791.80493161,0.0038754968834943124,0,0.5441965609788895,0,0,0,0,340.2833938598633,0,0,0.41553116925,South Pacific Ocean
-73.75,-45.5,14.547201798512386,0,0,31.50919342041016,11.313298078683706,0.021904538533701088,0.002052036817228024,1.2644025435050328,0.004220441316600699,0.8215788247254797,17.2847602168719,277.3124571580154,8.033845397142265,5.085968376734318,0.8275116162422376,16.720208571507378,38.901504394335625,3.5119362214658056,2393381.515389193,0.26875289637462074,98609.04144374005,20179352.98816766,34582223.97981551,0.003709238394926241,0.5447384715080261,0,0.448618620634079,0.013432396575808525,0,0.13989761471748352,0,0,0,0,South Pacific Ocean
153.5,-37.5,57.14565798441569,0,0,35.288900502522786,22.940053272247315,-0.013520568138998594,-0.06813956106325349,0.22823818437755108,2.881435326950547e-4,0.34344773290552744,6.036805760115385,216.97617518107097,8.077121162414551,1.3016823023557662,0.07456076492089778,1.5264738063017527,35.51081263224284,6.974062014294244,1991765.665835533,2.3195866225601223,101725.91194778438,16922917.482600033,31907807.268125728,0.0037655377531222284,0,0.060661425534635785,0,0,0,0,1.0668260656297206,0,0,0.5739671926000001,South Pacific Ocean
150.5,-37.5,53.291884634229874,0,0,34.84443261888292,21.491277827156914,0.20722994150128216,0.35770464771323734,0.3435595950318707,9.0439677377516e-4,0.6332471819057699,10.47823838227325,227.19306225246854,8.099291536543104,1.6640943669610553,0.09200104841875145,2.4371851500537662,33.287307792239716,6.82560257976147,1762339.5885431764,1.9608486759291373,101634.29455745207,15404906.91714332,30204401.671487395,0.0048467405314159395,9.668571541017931e-6,0.3463480571905772,6.138046728665358e-7,0,0,0,39.909735361735024,0,0,0.16239725,South Pacific Ocean
-74.5,-48.5,18.362619063793083,0,0,32.754869265434074,10.489498230127188,-0.00658024427908598,-0.04630861675235419,1.879399619423426,0.0016311859508277848,5.756220904680399,38.00073957443237,287.9005295191056,8.090731180631197,7.297059130974304,0.6574850603938102,2.94247911297358,33.63138996026454,3.5119362214658056,2393381.515389193,2.9611254005571452,98609.04144374005,20179352.98816766,34582223.97981551,0.003709238394926241,0.016406768932938576,0,0.10325678437948227,0.002927005523815751,0,0,0,0,0,0.081931321,South Pacific Ocean
-131.5,-24.25,38.47307616625076,0,0,36.05009756332789,24.869118164747192,0.025445545197633177,-0.020376555366219223,0.057520925186765486,5.472035190205834e-5,8.177433109943731e-4,0.4643248852628928,212.7413025880471,8.054084123709263,0.9150387854912343,0.07581970336823127,1.0900526673365862,38.41878533974673,2.9559263023699387,2019710.270428639,2.466485362170747,101628.94929084014,17327887.097297262,32934953.108492415,0.004102696149971192,0,0,0,0,0,0,0,0,0,0.096540978,South Pacific Ocean
